[{"model": "quiz.quizimage", "pk": 2, "fields": {"description": "Ler História", "link": "https://www.flickr.com/photos/iscteiul/51970032427/in/album-72177720297729830/", "image": ""}}, {"model": "quiz.quizimage", "pk": 3, "fields": {"description": "Lançamento da revista Etnográfica", "link": "https://www.flickr.com/photos/iscteiul/52013234696/in/album-72177720298200772/", "image": ""}}, {"model": "quiz.quizimage", "pk": 4, "fields": {"description": "Sociologia, Problemas e Práticas", "link": "https://www.flickr.com/photos/iscteiul/51971106468/in/album-72177720297729830/", "image": ""}}, {"model": "quiz.quizimage", "pk": 5, "fields": {"description": "Medalha 20 anos", "link": "https://www.flickr.com/photos/iscteiul/52013292963/in/album-72177720298200772/", "image": ""}}, {"model": "quiz.quizimage", "pk": 6, "fields": {"description": "Medalha comemorativa 20 anos", "link": "https://www.flickr.com/photos/iscteiul/52013292963/in/album-72177720298200772/", "image": ""}}, {"model": "quiz.quizimage", "pk": 7, "fields": {"description": "Medalha 25 anos", "link": "https://www.flickr.com/photos/iscteiul/52012208227/in/album-72177720298200772/", "image": ""}}, {"model": "quiz.quizimage", "pk": 8, "fields": {"description": "Pisa papéis 25 anos", "link": "https://www.flickr.com/photos/iscteiul/52013754725/in/album-72177720298200772/", "image": ""}}, {"model": "quiz.quizimage", "pk": 9, "fields": {"description": "Medalha 45 anos", "link": "https://www.flickr.com/photos/iscteiul/52013754725/in/album-72177720298200772/", "image": ""}}, {"model": "quiz.quizimage", "pk": 10, "fields": {"description": "Medalha 40 anos", "link": "https://www.flickr.com/photos/iscteiul/52014086972/in/album-72177720298221622/", "image": ""}}, {"model": "quiz.quizimage", "pk": 11, "fields": {"description": "Medalha 20 anos", "link": "https://www.flickr.com/photos/iscteiul/52014086972/in/album-72177720298221622/", "image": ""}}, {"model": "quiz.quizimage", "pk": 12, "fields": {"description": "Medalha 40 anos", "link": "https://www.flickr.com/photos/iscteiul/52014086972/in/album-72177720298221622/", "image": ""}}, {"model": "quiz.question", "pk": 5, "fields": {"text": "Qual a licenciatura mais antiga no Iscte?", "type": "M", "image": null, "topics": [2, 6, 12, 15]}}, {"model": "quiz.question", "pk": 6, "fields": {"text": "Qual o primeiro endereço do Iscte?", "type": "S", "image": null, "topics": [12, 15]}}, {"model": "quiz.question", "pk": 7, "fields": {"text": "Qual a relação da Feira Popular de Lisboa com o Iscte?", "type": "M", "image": null, "topics": [12, 15]}}, {"model": "quiz.question", "pk": 9, "fields": {"text": "Qual a singularidade do estudante Abel do Santos Alves", "type": "M", "image": null, "topics": [2, 14, 15]}}, {"model": "quiz.question", "pk": 11, "fields": {"text": "O Iscte esteve integrado na Universidade Nova de Lisboa?", "type": "S", "image": null, "topics": [11, 15]}}, {"model": "quiz.question", "pk": 12, "fields": {"text": "O Iscte esteve integrado na Universidade Técnica de Lisboa", "type": "S", "image": null, "topics": [11, 15]}}, {"model": "quiz.question", "pk": 13, "fields": {"text": "Qual é a licenciatura mais recente do Iscte?", "type": "M", "image": null, "topics": [6]}}, {"model": "quiz.question", "pk": 14, "fields": {"text": "O Professor Mário Murteira foi ministro de..", "type": "M", "image": null, "topics": [2, 14, 15]}}, {"model": "quiz.question", "pk": 15, "fields": {"text": "O Professor Mário Murteira foi ministro de..", "type": "M", "image": null, "topics": [2, 14, 15]}}, {"model": "quiz.question", "pk": 16, "fields": {"text": "Quando se realizou o primeiro protesto de estudantes do Iscte por um controlo democrático do ensino?", "type": "M", "image": null, "topics": [2, 15]}}, {"model": "quiz.question", "pk": 17, "fields": {"text": "Quando foi a queda dos coronéis na Grécia?", "type": "M", "image": null, "topics": [15]}}, {"model": "quiz.question", "pk": 18, "fields": {"text": "Em que ano se inicia a construção do edifício Sedas Nunes?", "type": "M", "image": null, "topics": [3, 5, 15]}}, {"model": "quiz.question", "pk": 19, "fields": {"text": "O professor José Joaquim Laginha foi...", "type": "M", "image": 2, "topics": [2, 14, 15]}}, {"model": "quiz.question", "pk": 20, "fields": {"text": "Em que ano se atingem 10000 discentes?", "type": "M", "image": null, "topics": [2, 19]}}, {"model": "quiz.question", "pk": 21, "fields": {"text": "Que funções políticas teve o Professor Adérito Sedas Nunes?", "type": "M", "image": null, "topics": [2, 14, 15]}}, {"model": "quiz.question", "pk": 22, "fields": {"text": "A Professora Maria João Rodrigues foi ministra de..", "type": "M", "image": null, "topics": [2, 14, 17]}}, {"model": "quiz.question", "pk": 23, "fields": {"text": "Paulo Pedroso foi ministro de...", "type": "M", "image": null, "topics": [2, 14, 17]}}, {"model": "quiz.question", "pk": 24, "fields": {"text": "Eduardo Ferro Rodrigues foi ministro de...", "type": "M", "image": null, "topics": [2, 14, 17]}}, {"model": "quiz.question", "pk": 25, "fields": {"text": "Eduardo Ferro Rodrigues foi ministro de...", "type": "M", "image": null, "topics": [2, 14, 17]}}, {"model": "quiz.question", "pk": 26, "fields": {"text": "A Professora Maria de Lurdes Rodrigues foi ministra de...", "type": "M", "image": null, "topics": [2, 14, 18]}}, {"model": "quiz.question", "pk": 27, "fields": {"text": "O Professor José António Vieira da Silva foi ministro de...", "type": "M", "image": null, "topics": [1, 14, 18]}}, {"model": "quiz.question", "pk": 28, "fields": {"text": "O Professor Luís Filipe Pereira foi ministro de...", "type": "M", "image": null, "topics": [2, 14, 18]}}, {"model": "quiz.question", "pk": 29, "fields": {"text": "O Professor Pedro Adão e Silva é ministro de...", "type": "M", "image": null, "topics": [2, 14, 19]}}, {"model": "quiz.question", "pk": 30, "fields": {"text": "O Professor João Leão foi ministro de..", "type": "M", "image": null, "topics": [2, 14, 18]}}, {"model": "quiz.question", "pk": 31, "fields": {"text": "A Professora Helena Carreiras foi ministra de..", "type": "M", "image": null, "topics": [2, 14, 19]}}, {"model": "quiz.question", "pk": 32, "fields": {"text": "Quantos reitores teve o Iscte?", "type": "S", "image": null, "topics": [2, 14]}}, {"model": "quiz.question", "pk": 33, "fields": {"text": "Em que ano se introduz o Numeros Clausus nas universidades?", "type": "S", "image": null, "topics": [2, 15]}}, {"model": "quiz.question", "pk": 34, "fields": {"text": "O Iscte faz parte do Conselho de Reitores das Universidades Portuguesas (CRUP)?", "type": "S", "image": null, "topics": [11]}}, {"model": "quiz.question", "pk": 35, "fields": {"text": "Em que ano o Iscte aderiu ao Conselho de Reitores das Universidades Portuguesas (CRUP)?", "type": "M", "image": null, "topics": [11, 18]}}, {"model": "quiz.question", "pk": 36, "fields": {"text": "Em que ano foi defendido o primeiro doutoramento no Iscte?", "type": "S", "image": null, "topics": [12, 14, 16]}}, {"model": "quiz.question", "pk": 37, "fields": {"text": "Em que ano foi defendido o primeiro doutoramento em Sociologia?", "type": "M", "image": null, "topics": [12, 14, 16]}}, {"model": "quiz.question", "pk": 38, "fields": {"text": "Em que ano foi defendido o primeiro doutoramento em Antropologia Social?", "type": "M", "image": null, "topics": [12, 14, 16]}}, {"model": "quiz.question", "pk": 39, "fields": {"text": "Em que ano foi defendido o primeiro doutoramento em Serviço Social?", "type": "S", "image": null, "topics": [12, 14, 18]}}, {"model": "quiz.question", "pk": 40, "fields": {"text": "Em que ano foi defendido o primeiro doutoramento em Economia?", "type": "M", "image": null, "topics": [12, 14, 17]}}, {"model": "quiz.question", "pk": 41, "fields": {"text": "Em que ano foi defendido o primeiro doutoramento em História Social Contemporânea?", "type": "S", "image": null, "topics": [12, 14, 17]}}, {"model": "quiz.question", "pk": 42, "fields": {"text": "Em que ano foi defendido o primeiro doutoramento em Organização e Gestão de Empresas (OGE)?", "type": "M", "image": null, "topics": [12, 14, 17]}}, {"model": "quiz.question", "pk": 43, "fields": {"text": "Em que ano foi defendido o primeiro doutoramento em Psicologia Social e Organizacional?", "type": "M", "image": null, "topics": [12, 14, 17]}}, {"model": "quiz.question", "pk": 44, "fields": {"text": "Em que ano foi defendido o primeiro doutoramento em Estudos Africanos?", "type": "S", "image": null, "topics": [12, 14, 18]}}, {"model": "quiz.question", "pk": 45, "fields": {"text": "Em que ano foi  defendido o primeiro doutoramento em Direito das Empresas (descontinuado)?", "type": "M", "image": null, "topics": [12, 14, 18]}}, {"model": "quiz.question", "pk": 46, "fields": {"text": "Em que ano foi defendido o primeiro doutoramento em Métodos Quantitativos?", "type": "M", "image": null, "topics": [12, 14, 18]}}, {"model": "quiz.question", "pk": 47, "fields": {"text": "Em que ano foi defendido o primeiro doutoramento em Ciências e Tecnologias da Informação?", "type": "S", "image": null, "topics": [12, 14, 17]}}, {"model": "quiz.question", "pk": 48, "fields": {"text": "Em que ano foi defendido o primeiro mestrado em Sociologia?", "type": "S", "image": null, "topics": [12, 14, 17]}}, {"model": "quiz.question", "pk": 49, "fields": {"text": "Em que ano foi defendido o primeiro mestrado em Ciências Empresariais?", "type": "M", "image": null, "topics": [12, 14, 16]}}, {"model": "quiz.question", "pk": 50, "fields": {"text": "Qual é a posição do artigo sobre a ilha da Trinidad?", "type": "M", "image": 3, "topics": [10, 17]}}, {"model": "quiz.question", "pk": 51, "fields": {"text": "Em 1984, que factores levaram ao aumento do quadro de funcionários no Iscte?", "type": "M", "image": 2, "topics": [2, 16]}}, {"model": "quiz.question", "pk": 52, "fields": {"text": "Qual é o título do artigo do Professor Raul Iturra?", "type": "M", "image": 2, "topics": [10, 16]}}, {"model": "quiz.question", "pk": 53, "fields": {"text": "Identifique a autoria do artigo intitulado A Saúde na Sociologia", "type": "M", "image": 4, "topics": [10, 16]}}, {"model": "quiz.question", "pk": 54, "fields": {"text": "O programa Erasmus visa a mobilidade estudantil no espaço europeu. Em que ano foi criado?", "type": "M", "image": null, "topics": [2, 9, 16]}}, {"model": "quiz.question", "pk": 55, "fields": {"text": "A autonomia universitária prevê as vertentes científica, pedagógica, administrativa e financeira, disciplinar. Em que ano foi promulgada essa lei?", "type": "M", "image": null, "topics": [2, 16]}}, {"model": "quiz.question", "pk": 56, "fields": {"text": "Qual é a autoria do artigo Logística e economia na CPLP. O lado oculto da produtividade?", "type": "M", "image": null, "topics": [10, 16]}}, {"model": "quiz.question", "pk": 57, "fields": {"text": "Medalha", "type": "M", "image": 5, "topics": [12, 16]}}, {"model": "quiz.question", "pk": 58, "fields": {"text": "Identifique o objeto", "type": "M", "image": 6, "topics": [12, 16]}}, {"model": "quiz.question", "pk": 59, "fields": {"text": "Identifique o objeto", "type": "M", "image": 7, "topics": [12, 17]}}, {"model": "quiz.question", "pk": 60, "fields": {"text": "Identifique o objeto", "type": "M", "image": 8, "topics": [17]}}, {"model": "quiz.question", "pk": 62, "fields": {"text": "Medalha", "type": "M", "image": 10, "topics": [12, 19]}}, {"model": "quiz.question", "pk": 64, "fields": {"text": "Identifique o objeto", "type": "M", "image": 12, "topics": [12, 19]}}, {"model": "quiz.question", "pk": 65, "fields": {"text": "Medalha", "type": "M", "image": null, "topics": [12, 17]}}, {"model": "quiz.question", "pk": 66, "fields": {"text": "Objeto evocativo", "type": "M", "image": 8, "topics": [12, 17]}}, {"model": "quiz.question", "pk": 67, "fields": {"text": "\"Nascido para inovar\" é o título do livro comemorativo dos 35 anos do Iscte. Quando aconteceu?", "type": "M", "image": null, "topics": [12, 18]}}, {"model": "quiz.question", "pk": 68, "fields": {"text": "\"Formar para a sociedade do conhecimento. INDEG-ISCTE 30 anos\" é o título do livro comemorativo dos 30 anos do INDEG. Quando aconteceu?", "type": "M", "image": null, "topics": [12, 19]}}, {"model": "quiz.question", "pk": 69, "fields": {"text": "\"Afirmação de uma identidade. 45 anos de ISCTE Instituto Universitário de Lisboa\" é o título do livro comemorativo dos 45 anos do Iscte. Quando aconteceu?", "type": "M", "image": null, "topics": [12, 19]}}, {"model": "quiz.question", "pk": 70, "fields": {"text": "\"Até onde nos leva o saber. Uma história de 40 anos do ISCTE Instituto Universitário de Lisboa\" é o título do livro comemorativo dos 40 anos do Iscte. Quando aconteceu?", "type": "M", "image": null, "topics": [12, 19]}}, {"model": "quiz.question", "pk": 71, "fields": {"text": "Em 2017 foi elaborado o documento \"A praxe como fenómeno social. Relatório final\". Quem o encomendou?", "type": "M", "image": null, "topics": [2, 19]}}, {"model": "quiz.question", "pk": 72, "fields": {"text": "O Grande Auditório fica no edifício 2. Qual a sua lotação?", "type": "M", "image": null, "topics": [3, 5, 18]}}, {"model": "quiz.question", "pk": 73, "fields": {"text": "Praça central (2.315 m2): quantas oliveiras tem?", "type": "S", "image": null, "topics": [20]}}, {"model": "quiz.question", "pk": 74, "fields": {"text": "Remodelação do pavilhão interior (1870 m2): quantos limoeiros tem?", "type": "S", "image": null, "topics": [3, 18]}}, {"model": "quiz.question", "pk": 75, "fields": {"text": "Qual é a árvore comemorativa do cinquentenário?", "type": "M", "image": null, "topics": [20]}}, {"model": "quiz.question", "pk": 76, "fields": {"text": "Qual o maior edifício do campus do Iscte?", "type": "M", "image": null, "topics": [3, 19]}}, {"model": "quiz.question", "pk": 77, "fields": {"text": "Qual é o acervo da Biblioteca?", "type": "M", "image": null, "topics": [2, 5, 19]}}, {"model": "quiz.question", "pk": 78, "fields": {"text": "O que é o mISCuTEm?", "type": "S", "image": null, "topics": [2, 17]}}, {"model": "quiz.question", "pk": 79, "fields": {"text": "Existiu uma Universidade Metropolitana de Lisboa?", "type": "S", "image": null, "topics": [11, 18]}}, {"model": "quiz.question", "pk": 80, "fields": {"text": "Desde quando funciona a plataforma Fenix no Iscte?", "type": "M", "image": null, "topics": [5, 18]}}, {"model": "quiz.question", "pk": 81, "fields": {"text": "Qual foi o autor dos edifícios do Iscte?", "type": "M", "image": null, "topics": [12, 14, 18]}}, {"model": "quiz.question", "pk": 82, "fields": {"text": "Em que ano foi implementada a reforma de Bolonha?", "type": "M", "image": null, "topics": [6, 18]}}, {"model": "quiz.question", "pk": 83, "fields": {"text": "Desde quando os estudantes deixaram de fazer as inscrições em papel?", "type": "M", "image": null, "topics": [4, 18]}}, {"model": "quiz.question", "pk": 84, "fields": {"text": "Em que altura o Iscte adere à rede Eduroam?", "type": "M", "image": null, "topics": [3, 5, 18]}}, {"model": "quiz.question", "pk": 85, "fields": {"text": "O que é o Iscte?", "type": "M", "image": null, "topics": [11, 13, 18]}}, {"model": "quiz.question", "pk": 86, "fields": {"text": "Com base na nova orgânica quantos departamentos tem o Iscte?", "type": "M", "image": null, "topics": [2, 18]}}, {"model": "quiz.question", "pk": 87, "fields": {"text": "Com base na nova orgânica quantas escolas tem o Iscte?", "type": "S", "image": null, "topics": [2, 18]}}, {"model": "quiz.question", "pk": 88, "fields": {"text": "Com base na nova orgânica quantas unidades de investigação tem o Iscte?", "type": "S", "image": null, "topics": [2, 18]}}, {"model": "quiz.question", "pk": 89, "fields": {"text": "Quando começa a monitorização pedagógica desmaterializada?", "type": "S", "image": null, "topics": [4, 18]}}, {"model": "quiz.question", "pk": 90, "fields": {"text": "Desde quando funciona o portal myISCTE (Intranet)?", "type": "S", "image": null, "topics": [5, 19]}}, {"model": "quiz.question", "pk": 91, "fields": {"text": "Em que ano o Iscte é classificado no no ranking Times Higher Education (THE)?", "type": "M", "image": null, "topics": [13, 19]}}, {"model": "quiz.question", "pk": 92, "fields": {"text": "Quando foi instituído o Código de Conduta Académica (plágio)?", "type": "M", "image": null, "topics": [2, 19]}}, {"model": "quiz.question", "pk": 93, "fields": {"text": "O Iscte é a primeira universidade a obter a Certificação ambiental. Quando?", "type": "S", "image": null, "topics": [2, 19]}}, {"model": "quiz.question", "pk": 94, "fields": {"text": "O site do Ciberdúvidas é mantido por que instituição?", "type": "M", "image": null, "topics": [19]}}, {"model": "quiz.question", "pk": 95, "fields": {"text": "Desde quando se atribuem contas de e-mail à comunidade?", "type": "M", "image": null, "topics": [5, 17]}}, {"model": "quiz.question", "pk": 96, "fields": {"text": "Praça central (2.315 m2): quantos citrinos tem?", "type": "S", "image": null, "topics": [20]}}, {"model": "quiz.question", "pk": 97, "fields": {"text": "José Manuel Paquete Oliveira (1936- 2016), sociólogo, foi presidente do Conselho Diretivo.", "type": "M", "image": null, "topics": [20]}}, {"model": "quiz.question", "pk": 98, "fields": {"text": "Mário Murteira (1933-2013), economista, foi presidente do Conselho Científico e várias vezes ministro", "type": "M", "image": null, "topics": [20]}}, {"model": "quiz.question", "pk": 99, "fields": {"text": "Carlos Caiano Pereira (1937-1991), licenciado em Finanças, foi presidente do Conselho Científico", "type": "M", "image": null, "topics": [20]}}, {"model": "quiz.question", "pk": 100, "fields": {"text": "José Joaquim Laginha (1915-1991), matemático, foi presidente do Conselho Diretivo", "type": "M", "image": null, "topics": [20]}}, {"model": "quiz.question", "pk": 101, "fields": {"text": "António Silva Leal (1925-1988), licenciado em Finanças, especialista em Segurança Social", "type": "M", "image": null, "topics": [20]}}, {"model": "quiz.question", "pk": 102, "fields": {"text": "Afonso de Barros (1939-1996), sociólogo, foi presidente do Iscte", "type": "M", "image": null, "topics": [20]}}, {"model": "quiz.question", "pk": 103, "fields": {"text": "Eduardo Gomes Cardoso (1929-2016), engenheiro,  presidente do Conselho Diretivo", "type": "M", "image": null, "topics": [20]}}, {"model": "quiz.question", "pk": 104, "fields": {"text": "João Ferreira de Almeida (1941-2022), sociólogo, foi especialista em Estratificação Social. Onde fica o auditório Ferrera de Almeida", "type": "M", "image": null, "topics": [20]}}, {"model": "quiz.question", "pk": 105, "fields": {"text": "Juan Mozzicafreddo (1945-2019), sociólogo, foi especialista em Políticas Públicas. Onde se localiza o auditório Juan Mozzicafreddo?", "type": "M", "image": null, "topics": [20]}}, {"model": "quiz.question", "pk": 106, "fields": {"text": "Onde fica a Sala de Atos?", "type": "M", "image": null, "topics": [20]}}, {"model": "quiz.question", "pk": 107, "fields": {"text": "Onde fica a Unidade de Investigação BRU-Iscte", "type": "M", "image": null, "topics": [20]}}, {"model": "quiz.question", "pk": 108, "fields": {"text": "Onde fica a Unidade de Investigação CEI_Iscte?", "type": "M", "image": null, "topics": [20]}}, {"model": "quiz.question", "pk": 109, "fields": {"text": "Onde fica a Unidade de Investigação CIES_Iscte?", "type": "M", "image": null, "topics": [20]}}, {"model": "quiz.question", "pk": 110, "fields": {"text": "Onde fica a Unidade de Investigação DINAMIA'CET_Iscte", "type": "M", "image": null, "topics": [20]}}, {"model": "quiz.question", "pk": 111, "fields": {"text": "Onde fica a Unidade de Investigação Istar_Iscte?", "type": "M", "image": null, "topics": [20]}}, {"model": "quiz.question", "pk": 112, "fields": {"text": "Onde fica a Unidade de Investigação CRIA_Iscte?", "type": "M", "image": null, "topics": [20]}}, {"model": "quiz.question", "pk": 113, "fields": {"text": "Onde fica a Unidade de Investigação i.t_Iscte", "type": "M", "image": null, "topics": [20]}}, {"model": "quiz.question", "pk": 114, "fields": {"text": "Onde fica a Unidade de Investigação MediaLab_Iscte", "type": "M", "image": null, "topics": [20]}}, {"model": "quiz.question", "pk": 115, "fields": {"text": "Onde fica o Laboratório Audiovisual do CRIA Polo Iscte", "type": "M", "image": null, "topics": [20]}}, {"model": "quiz.question", "pk": 116, "fields": {"text": "Onde fica o laboratório LAPSO?", "type": "M", "image": null, "topics": [20]}}, {"model": "quiz.question", "pk": 117, "fields": {"text": "Onde fica o laboratório VITRUVIUS Fablab_Iscte?", "type": "M", "image": null, "topics": [20]}}, {"model": "quiz.question", "pk": 118, "fields": {"text": "Onde fica o Observatório das desigualdades?", "type": "M", "image": null, "topics": [20]}}, {"model": "quiz.question", "pk": 119, "fields": {"text": "Onde fica o Observatório da imigração (OEM)?", "type": "M", "image": null, "topics": [20]}}, {"model": "quiz.question", "pk": 120, "fields": {"text": "Onde fica o laboratório EurWORK European Observatory of Working Life (EWCO)?", "type": "M", "image": null, "topics": [20]}}, {"model": "quiz.question", "pk": 121, "fields": {"text": "Onde fica o Observatório das Famílias e das Políticas de Família (OFAP)?", "type": "M", "image": null, "topics": [20]}}, {"model": "quiz.question", "pk": 122, "fields": {"text": "Onde fica o European Employment Observatory (EEO)?", "type": "M", "image": null, "topics": [20]}}, {"model": "quiz.question", "pk": 123, "fields": {"text": "Onde fica o Observatório Português das Atividades Culturais (OPAC)?", "type": "M", "image": null, "topics": [20]}}, {"model": "quiz.question", "pk": 124, "fields": {"text": "Onde fica o Observatório do Emprego Jovem (OEJ)?", "type": "M", "image": null, "topics": [20]}}, {"model": "quiz.question", "pk": 125, "fields": {"text": "Onde fica o AUDAX?", "type": "M", "image": null, "topics": [20]}}, {"model": "quiz.question", "pk": 126, "fields": {"text": "Onde fica o Ginásio", "type": "M", "image": null, "topics": [20]}}, {"model": "quiz.question", "pk": 127, "fields": {"text": "Onde fica a Sala de Estudo?", "type": "M", "image": null, "topics": [20]}}, {"model": "quiz.question", "pk": 128, "fields": {"text": "Onde fica a Associação de Estudantes (AEISCTE-IUL)?", "type": "M", "image": null, "topics": [20]}}, {"model": "quiz.question", "pk": 129, "fields": {"text": "Onde fica a Tuna Académica (TAISCTE)?", "type": "M", "image": null, "topics": [20]}}, {"model": "quiz.question", "pk": 130, "fields": {"text": "Quantos doutoramentos Honoris Causa foram atribuídos pelo Iscte?", "type": "M", "image": null, "topics": [13]}}, {"model": "quiz.question", "pk": 131, "fields": {"text": "Quando se fundou o mISCuTEm?", "type": "M", "image": null, "topics": [2, 17]}}, {"model": "quiz.question", "pk": 132, "fields": {"text": "Qual foi o nível de grandeza orçamento do Iscte em 2020?", "type": "M", "image": null, "topics": [2, 19]}}, {"model": "quiz.question", "pk": 133, "fields": {"text": "Que outra designação foi proposta para o Iscte?", "type": "S", "image": null, "topics": [11, 18]}}, {"model": "quiz.question", "pk": 134, "fields": {"text": "Quando foram promulgadas as medidas da AR sobre praxes académicas?", "type": "M", "image": null, "topics": [3, 18]}}, {"model": "quiz.question", "pk": 135, "fields": {"text": "Onde foi inicialmente desenvolvida a plataforma FénixEDU", "type": "M", "image": null, "topics": [5, 18]}}, {"model": "quiz.question", "pk": 136, "fields": {"text": "Que cargo desempenhou a professora Isabel Nicolau?", "type": "M", "image": null, "topics": [2, 18]}}, {"model": "quiz.question", "pk": 137, "fields": {"text": "Quantos reitores teve o Iscte?", "type": "S", "image": null, "topics": [2]}}, {"model": "quiz.question", "pk": 138, "fields": {"text": "Quantos presidentes teve o Iscte?", "type": "S", "image": null, "topics": [2]}}, {"model": "quiz.question", "pk": 139, "fields": {"text": "O que está a ser construído no ex-edifício do IMT?", "type": "M", "image": null, "topics": [3, 19]}}, {"model": "quiz.choice", "pk": 12, "fields": {"question": 5, "text": "Licenciatura em Ciências do Trabalho; Decreto-Lei n.º 520/72 - DR n.º290/1972, Série 2 de 15 de Dezembro", "is_correct": true}}, {"model": "quiz.choice", "pk": 13, "fields": {"question": 5, "text": "Licenciatura em Organização e Gestão de Empresas (OGE); Decreto-Lei n.º 520/72 - DR n.º290/1972, Série 2 de 15 de Dezembro", "is_correct": true}}, {"model": "quiz.choice", "pk": 14, "fields": {"question": 5, "text": "Licenciatura em Economia; Decreto-Lei n.º 520/72 - DR n.º290/1972, Série 2 de 15 de Dezembro", "is_correct": true}}, {"model": "quiz.choice", "pk": 15, "fields": {"question": 5, "text": "Licenciatura em Sociologia. Decreto Regulamentar n.º 10/78 - DR n.º 627/1978, Série II de 5 de Abril", "is_correct": false}}, {"model": "quiz.choice", "pk": 16, "fields": {"question": 6, "text": "Instalações funcionam no Campo Grande 185. Decreto-Lei n.º 522/72, Diário do Governo n.º 290/1972, Série 1 de 15 de Dezembro", "is_correct": true}}, {"model": "quiz.choice", "pk": 17, "fields": {"question": 6, "text": "Av. das Forças Armadas, 1849-026 Lisboa", "is_correct": false}}, {"model": "quiz.choice", "pk": 18, "fields": {"question": 6, "text": "Biblioteca Nacional", "is_correct": false}}, {"model": "quiz.choice", "pk": 19, "fields": {"question": 6, "text": "Faculdade de Letras", "is_correct": false}}, {"model": "quiz.choice", "pk": 20, "fields": {"question": 7, "text": "Serviços académicos", "is_correct": false}}, {"model": "quiz.choice", "pk": 21, "fields": {"question": 7, "text": "Aulas", "is_correct": true}}, {"model": "quiz.choice", "pk": 22, "fields": {"question": 7, "text": "Reitoria", "is_correct": false}}, {"model": "quiz.choice", "pk": 23, "fields": {"question": 7, "text": "Cantina", "is_correct": false}}, {"model": "quiz.choice", "pk": 28, "fields": {"question": 9, "text": "Melhor aluno do ano do Iscte", "is_correct": false}}, {"model": "quiz.choice", "pk": 29, "fields": {"question": 9, "text": "O número de matrícula", "is_correct": true}}, {"model": "quiz.choice", "pk": 30, "fields": {"question": 9, "text": "Viria a ser ministro da Economia", "is_correct": false}}, {"model": "quiz.choice", "pk": 31, "fields": {"question": 9, "text": "Foi o primeiro estudante estrangeiro", "is_correct": false}}, {"model": "quiz.choice", "pk": 35, "fields": {"question": 11, "text": "Sim", "is_correct": true}}, {"model": "quiz.choice", "pk": 36, "fields": {"question": 11, "text": "Não", "is_correct": false}}, {"model": "quiz.choice", "pk": 37, "fields": {"question": 12, "text": "Sim", "is_correct": false}}, {"model": "quiz.choice", "pk": 38, "fields": {"question": 12, "text": "Não", "is_correct": true}}, {"model": "quiz.choice", "pk": 39, "fields": {"question": 13, "text": "Licenciatura em Finanças e Contabilidade; Despacho n.º 21650/2008, DR  n.º 159/2008, Série 2 de 19 de Agosto", "is_correct": false}}, {"model": "quiz.choice", "pk": 40, "fields": {"question": 13, "text": "Licenciatura em Ciência de Dados; Despacho n.º 11562/2019, DR n.º 235/2019, Série 2 de 6 de Dezembro", "is_correct": true}}, {"model": "quiz.choice", "pk": 41, "fields": {"question": 14, "text": "Ministro dos Negócios Estrangeiros", "is_correct": false}}, {"model": "quiz.choice", "pk": 42, "fields": {"question": 14, "text": "Ministro da Administração Interna", "is_correct": false}}, {"model": "quiz.choice", "pk": 43, "fields": {"question": 14, "text": "Ministro do Planeamento e Coordenação Económica", "is_correct": true}}, {"model": "quiz.choice", "pk": 44, "fields": {"question": 15, "text": "Ministro das Finanças", "is_correct": false}}, {"model": "quiz.choice", "pk": 45, "fields": {"question": 15, "text": "Ministro dos Assuntos Sociais", "is_correct": true}}, {"model": "quiz.choice", "pk": 46, "fields": {"question": 15, "text": "Ministro da Descolonização", "is_correct": false}}, {"model": "quiz.choice", "pk": 47, "fields": {"question": 16, "text": "26 Junho 1974", "is_correct": true}}, {"model": "quiz.choice", "pk": 48, "fields": {"question": 16, "text": "25 Abril de 1974", "is_correct": false}}, {"model": "quiz.choice", "pk": 49, "fields": {"question": 16, "text": "25 Novembro 1974", "is_correct": false}}, {"model": "quiz.choice", "pk": 50, "fields": {"question": 17, "text": "24 Julho 1974", "is_correct": true}}, {"model": "quiz.choice", "pk": 51, "fields": {"question": 17, "text": "25 Abril 1974", "is_correct": false}}, {"model": "quiz.choice", "pk": 52, "fields": {"question": 17, "text": "25 Novembro 1974", "is_correct": false}}, {"model": "quiz.choice", "pk": 53, "fields": {"question": 18, "text": "1976", "is_correct": true}}, {"model": "quiz.choice", "pk": 54, "fields": {"question": 18, "text": "1972", "is_correct": false}}, {"model": "quiz.choice", "pk": 55, "fields": {"question": 18, "text": "1986", "is_correct": false}}, {"model": "quiz.choice", "pk": 56, "fields": {"question": 19, "text": "Presidente do Conselho Pedagógico", "is_correct": true}}, {"model": "quiz.choice", "pk": 57, "fields": {"question": 19, "text": "Presidente do Conselho Diretivo", "is_correct": true}}, {"model": "quiz.choice", "pk": 58, "fields": {"question": 19, "text": "Presidente do Conselho Científico", "is_correct": false}}, {"model": "quiz.choice", "pk": 59, "fields": {"question": 19, "text": "Provedor do Estudante", "is_correct": false}}, {"model": "quiz.choice", "pk": 60, "fields": {"question": 20, "text": "2017", "is_correct": false}}, {"model": "quiz.choice", "pk": 61, "fields": {"question": 20, "text": "2022", "is_correct": false}}, {"model": "quiz.choice", "pk": 62, "fields": {"question": 20, "text": "2012", "is_correct": true}}, {"model": "quiz.choice", "pk": 63, "fields": {"question": 20, "text": "1990", "is_correct": false}}, {"model": "quiz.choice", "pk": 64, "fields": {"question": 21, "text": "Presidente do Instituto Nacional de Investigação Científica", "is_correct": false}}, {"model": "quiz.choice", "pk": 65, "fields": {"question": 21, "text": "Ministro da Cultura e Ciência", "is_correct": true}}, {"model": "quiz.choice", "pk": 66, "fields": {"question": 21, "text": "Secretário de Estado do Ensino Superior", "is_correct": false}}, {"model": "quiz.choice", "pk": 67, "fields": {"question": 21, "text": "Reitor da Universidade de Lisboa", "is_correct": false}}, {"model": "quiz.choice", "pk": 68, "fields": {"question": 22, "text": "Ministro do Trabalho e Solidariedade", "is_correct": false}}, {"model": "quiz.choice", "pk": 69, "fields": {"question": 22, "text": "Ministra da Qualificação e Emprego", "is_correct": true}}, {"model": "quiz.choice", "pk": 70, "fields": {"question": 22, "text": "Ministra da Defesa", "is_correct": false}}, {"model": "quiz.choice", "pk": 71, "fields": {"question": 22, "text": "Ministra da Administração Interna", "is_correct": false}}, {"model": "quiz.choice", "pk": 72, "fields": {"question": 23, "text": "Ministro da Economia", "is_correct": false}}, {"model": "quiz.choice", "pk": 73, "fields": {"question": 23, "text": "Ministro do Trabalho e da Solidariedade", "is_correct": true}}, {"model": "quiz.choice", "pk": 74, "fields": {"question": 23, "text": "Ministro dos Negócios Estrangeiros", "is_correct": false}}, {"model": "quiz.choice", "pk": 75, "fields": {"question": 23, "text": "Ministro da Cultura", "is_correct": false}}, {"model": "quiz.choice", "pk": 76, "fields": {"question": 24, "text": "Ministro do Trabalho e da Solidariedade", "is_correct": true}}, {"model": "quiz.choice", "pk": 77, "fields": {"question": 24, "text": "Ministro dos Assuntos Sociais", "is_correct": false}}, {"model": "quiz.choice", "pk": 78, "fields": {"question": 24, "text": "Ministro do Planeamento e Coordenação Económica", "is_correct": false}}, {"model": "quiz.choice", "pk": 79, "fields": {"question": 24, "text": "Ministro das Finanças", "is_correct": false}}, {"model": "quiz.choice", "pk": 80, "fields": {"question": 25, "text": "Ministro do Equipamento Social", "is_correct": true}}, {"model": "quiz.choice", "pk": 81, "fields": {"question": 25, "text": "Ministro das Obras Públicas", "is_correct": false}}, {"model": "quiz.choice", "pk": 82, "fields": {"question": 25, "text": "Ministro do Ambiente", "is_correct": false}}, {"model": "quiz.choice", "pk": 83, "fields": {"question": 25, "text": "Ministro da Agricultura e Pescas", "is_correct": false}}, {"model": "quiz.choice", "pk": 84, "fields": {"question": 26, "text": "Ministra da Indústria", "is_correct": false}}, {"model": "quiz.choice", "pk": 85, "fields": {"question": 26, "text": "Ministra da Educação", "is_correct": true}}, {"model": "quiz.choice", "pk": 86, "fields": {"question": 26, "text": "Ministra da Justiça", "is_correct": false}}, {"model": "quiz.choice", "pk": 87, "fields": {"question": 26, "text": "Ministra de Assuntos Sociais e Igualdade", "is_correct": false}}, {"model": "quiz.choice", "pk": 88, "fields": {"question": 27, "text": "Ministro das Finanças", "is_correct": false}}, {"model": "quiz.choice", "pk": 89, "fields": {"question": 27, "text": "Ministro da Justiça", "is_correct": false}}, {"model": "quiz.choice", "pk": 90, "fields": {"question": 27, "text": "Ministro do Trabalho e da Solidariedade Social", "is_correct": true}}, {"model": "quiz.choice", "pk": 91, "fields": {"question": 28, "text": "Ministro das Obras Públicas", "is_correct": false}}, {"model": "quiz.choice", "pk": 92, "fields": {"question": 28, "text": "Ministro da Cultura e Ciência", "is_correct": false}}, {"model": "quiz.choice", "pk": 93, "fields": {"question": 28, "text": "Ministro da Saúde", "is_correct": true}}, {"model": "quiz.choice", "pk": 94, "fields": {"question": 28, "text": "Ministro da Agricultura e Pescas", "is_correct": false}}, {"model": "quiz.choice", "pk": 95, "fields": {"question": 29, "text": "Ministro da Cultura", "is_correct": true}}, {"model": "quiz.choice", "pk": 96, "fields": {"question": 29, "text": "Ministro do Mar", "is_correct": false}}, {"model": "quiz.choice", "pk": 97, "fields": {"question": 29, "text": "Ministro da Juventude e Desporto", "is_correct": false}}, {"model": "quiz.choice", "pk": 98, "fields": {"question": 29, "text": "Ministro da Presidência", "is_correct": false}}, {"model": "quiz.choice", "pk": 99, "fields": {"question": 30, "text": "Ministro da Presidência", "is_correct": false}}, {"model": "quiz.choice", "pk": 100, "fields": {"question": 30, "text": "Ministro Coesão Territorial", "is_correct": false}}, {"model": "quiz.choice", "pk": 101, "fields": {"question": 30, "text": "Ministra da Justiça", "is_correct": false}}, {"model": "quiz.choice", "pk": 102, "fields": {"question": 30, "text": "Ministro de Estado e das Finanças", "is_correct": true}}, {"model": "quiz.choice", "pk": 103, "fields": {"question": 31, "text": "Ministra da Saúde", "is_correct": false}}, {"model": "quiz.choice", "pk": 104, "fields": {"question": 31, "text": "Ministra da Justiça", "is_correct": false}}, {"model": "quiz.choice", "pk": 105, "fields": {"question": 31, "text": "Ministra da Defesa Nacional", "is_correct": false}}, {"model": "quiz.choice", "pk": 106, "fields": {"question": 32, "text": "2", "is_correct": true}}, {"model": "quiz.choice", "pk": 107, "fields": {"question": 32, "text": "4", "is_correct": false}}, {"model": "quiz.choice", "pk": 108, "fields": {"question": 33, "text": "2000", "is_correct": false}}, {"model": "quiz.choice", "pk": 109, "fields": {"question": 33, "text": "1978", "is_correct": true}}, {"model": "quiz.choice", "pk": 110, "fields": {"question": 34, "text": "Sim", "is_correct": true}}, {"model": "quiz.choice", "pk": 111, "fields": {"question": 34, "text": "Não", "is_correct": false}}, {"model": "quiz.choice", "pk": 112, "fields": {"question": 35, "text": "2005", "is_correct": true}}, {"model": "quiz.choice", "pk": 113, "fields": {"question": 35, "text": "2003", "is_correct": false}}, {"model": "quiz.choice", "pk": 114, "fields": {"question": 35, "text": "2004", "is_correct": false}}, {"model": "quiz.choice", "pk": 115, "fields": {"question": 36, "text": "2002", "is_correct": false}}, {"model": "quiz.choice", "pk": 116, "fields": {"question": 36, "text": "1982", "is_correct": true}}, {"model": "quiz.choice", "pk": 117, "fields": {"question": 37, "text": "2001", "is_correct": false}}, {"model": "quiz.choice", "pk": 118, "fields": {"question": 37, "text": "2002", "is_correct": false}}, {"model": "quiz.choice", "pk": 119, "fields": {"question": 37, "text": "1982", "is_correct": true}}, {"model": "quiz.choice", "pk": 120, "fields": {"question": 37, "text": "1992", "is_correct": false}}, {"model": "quiz.choice", "pk": 121, "fields": {"question": 38, "text": "1989", "is_correct": true}}, {"model": "quiz.choice", "pk": 122, "fields": {"question": 38, "text": "1982", "is_correct": false}}, {"model": "quiz.choice", "pk": 123, "fields": {"question": 38, "text": "1995", "is_correct": false}}, {"model": "quiz.choice", "pk": 124, "fields": {"question": 39, "text": "2010", "is_correct": true}}, {"model": "quiz.choice", "pk": 125, "fields": {"question": 39, "text": "2000", "is_correct": false}}, {"model": "quiz.choice", "pk": 126, "fields": {"question": 40, "text": "1989", "is_correct": false}}, {"model": "quiz.choice", "pk": 127, "fields": {"question": 40, "text": "2012", "is_correct": false}}, {"model": "quiz.choice", "pk": 128, "fields": {"question": 40, "text": "1998", "is_correct": true}}, {"model": "quiz.choice", "pk": 129, "fields": {"question": 41, "text": "1996", "is_correct": true}}, {"model": "quiz.choice", "pk": 130, "fields": {"question": 41, "text": "1986", "is_correct": false}}, {"model": "quiz.choice", "pk": 131, "fields": {"question": 42, "text": "1984", "is_correct": false}}, {"model": "quiz.choice", "pk": 132, "fields": {"question": 42, "text": "2004", "is_correct": false}}, {"model": "quiz.choice", "pk": 133, "fields": {"question": 42, "text": "1994", "is_correct": true}}, {"model": "quiz.choice", "pk": 134, "fields": {"question": 43, "text": "1999", "is_correct": false}}, {"model": "quiz.choice", "pk": 135, "fields": {"question": 43, "text": "1994", "is_correct": true}}, {"model": "quiz.choice", "pk": 136, "fields": {"question": 43, "text": "1986", "is_correct": false}}, {"model": "quiz.choice", "pk": 137, "fields": {"question": 44, "text": "2003", "is_correct": false}}, {"model": "quiz.choice", "pk": 138, "fields": {"question": 44, "text": "2002", "is_correct": true}}, {"model": "quiz.choice", "pk": 139, "fields": {"question": 45, "text": "2006", "is_correct": true}}, {"model": "quiz.choice", "pk": 140, "fields": {"question": 45, "text": "2016", "is_correct": false}}, {"model": "quiz.choice", "pk": 141, "fields": {"question": 45, "text": "1997", "is_correct": false}}, {"model": "quiz.choice", "pk": 142, "fields": {"question": 46, "text": "1994", "is_correct": false}}, {"model": "quiz.choice", "pk": 143, "fields": {"question": 46, "text": "2004", "is_correct": true}}, {"model": "quiz.choice", "pk": 144, "fields": {"question": 46, "text": "2014", "is_correct": false}}, {"model": "quiz.choice", "pk": 145, "fields": {"question": 47, "text": "1998", "is_correct": true}}, {"model": "quiz.choice", "pk": 146, "fields": {"question": 47, "text": "2005", "is_correct": false}}, {"model": "quiz.choice", "pk": 147, "fields": {"question": 48, "text": "1992", "is_correct": true}}, {"model": "quiz.choice", "pk": 148, "fields": {"question": 48, "text": "1989", "is_correct": false}}, {"model": "quiz.choice", "pk": 149, "fields": {"question": 49, "text": "1991", "is_correct": true}}, {"model": "quiz.choice", "pk": 150, "fields": {"question": 49, "text": "1998", "is_correct": false}}, {"model": "quiz.choice", "pk": 151, "fields": {"question": 49, "text": "2001", "is_correct": false}}, {"model": "quiz.choice", "pk": 152, "fields": {"question": 50, "text": "Posição 6", "is_correct": false}}, {"model": "quiz.choice", "pk": 153, "fields": {"question": 50, "text": "Posição 1", "is_correct": true}}, {"model": "quiz.choice", "pk": 154, "fields": {"question": 50, "text": "Posição 4", "is_correct": false}}, {"model": "quiz.choice", "pk": 155, "fields": {"question": 51, "text": "Explosão escolar", "is_correct": true}}, {"model": "quiz.choice", "pk": 156, "fields": {"question": 51, "text": "Institucionalização de novos cursos", "is_correct": true}}, {"model": "quiz.choice", "pk": 157, "fields": {"question": 51, "text": "Aumento do desemprego", "is_correct": false}}, {"model": "quiz.choice", "pk": 158, "fields": {"question": 51, "text": "Aumento de financiamento", "is_correct": false}}, {"model": "quiz.choice", "pk": 159, "fields": {"question": 52, "text": "Herculano e o Marquês de Pombal", "is_correct": false}}, {"model": "quiz.choice", "pk": 160, "fields": {"question": 52, "text": "Estratégias da organização doméstica na produção na Galiza rural", "is_correct": true}}, {"model": "quiz.choice", "pk": 161, "fields": {"question": 52, "text": "Para a história do casamento medieval", "is_correct": false}}, {"model": "quiz.choice", "pk": 162, "fields": {"question": 53, "text": "José Manuel Leite Viegas", "is_correct": false}}, {"model": "quiz.choice", "pk": 163, "fields": {"question": 53, "text": "Vitor Matias Ferreira", "is_correct": false}}, {"model": "quiz.choice", "pk": 164, "fields": {"question": 53, "text": "Graça Carapinheiro", "is_correct": true}}, {"model": "quiz.choice", "pk": 165, "fields": {"question": 53, "text": "Anália Torres", "is_correct": false}}, {"model": "quiz.choice", "pk": 166, "fields": {"question": 54, "text": "1984", "is_correct": false}}, {"model": "quiz.choice", "pk": 167, "fields": {"question": 54, "text": "1995", "is_correct": false}}, {"model": "quiz.choice", "pk": 168, "fields": {"question": 54, "text": "1987", "is_correct": true}}, {"model": "quiz.choice", "pk": 169, "fields": {"question": 54, "text": "2000", "is_correct": false}}, {"model": "quiz.choice", "pk": 170, "fields": {"question": 55, "text": "1988", "is_correct": true}}, {"model": "quiz.choice", "pk": 171, "fields": {"question": 55, "text": "1974", "is_correct": false}}, {"model": "quiz.choice", "pk": 172, "fields": {"question": 55, "text": "1975", "is_correct": false}}, {"model": "quiz.choice", "pk": 173, "fields": {"question": 55, "text": "2007", "is_correct": false}}, {"model": "quiz.choice", "pk": 174, "fields": {"question": 56, "text": "Redento Maia", "is_correct": false}}, {"model": "quiz.choice", "pk": 175, "fields": {"question": 56, "text": "Eurico Brilhante Dias", "is_correct": true}}, {"model": "quiz.choice", "pk": 176, "fields": {"question": 56, "text": "Guilhermo Garcia Marques", "is_correct": false}}, {"model": "quiz.choice", "pk": 177, "fields": {"question": 57, "text": "Comemorativa dos 20º aniversário", "is_correct": true}}, {"model": "quiz.choice", "pk": 178, "fields": {"question": 57, "text": "Comemorativa dos 30º aniversário", "is_correct": false}}, {"model": "quiz.choice", "pk": 179, "fields": {"question": 57, "text": "Comemorativa dos 40º aniversário", "is_correct": false}}, {"model": "quiz.choice", "pk": 180, "fields": {"question": 58, "text": "Pisa papéis", "is_correct": false}}, {"model": "quiz.choice", "pk": 181, "fields": {"question": 58, "text": "Objeto evocativo", "is_correct": true}}, {"model": "quiz.choice", "pk": 182, "fields": {"question": 58, "text": "Cinzeiro", "is_correct": false}}, {"model": "quiz.choice", "pk": 183, "fields": {"question": 58, "text": "Pregadeira", "is_correct": false}}, {"model": "quiz.choice", "pk": 184, "fields": {"question": 59, "text": "Pisa papéis", "is_correct": false}}, {"model": "quiz.choice", "pk": 185, "fields": {"question": 59, "text": "Objeto evocativo", "is_correct": true}}, {"model": "quiz.choice", "pk": 186, "fields": {"question": 59, "text": "Cinzeiro", "is_correct": false}}, {"model": "quiz.choice", "pk": 187, "fields": {"question": 59, "text": "Pregadeira", "is_correct": false}}, {"model": "quiz.choice", "pk": 188, "fields": {"question": 60, "text": "Objeto evocativo", "is_correct": false}}, {"model": "quiz.choice", "pk": 189, "fields": {"question": 60, "text": "Cinzeiro", "is_correct": false}}, {"model": "quiz.choice", "pk": 190, "fields": {"question": 60, "text": "Pisa papéis", "is_correct": true}}, {"model": "quiz.choice", "pk": 195, "fields": {"question": 62, "text": "Comemorativa dos 40º aniversário", "is_correct": true}}, {"model": "quiz.choice", "pk": 196, "fields": {"question": 62, "text": "Comemorativa dos 25º aniversário", "is_correct": false}}, {"model": "quiz.choice", "pk": 197, "fields": {"question": 62, "text": "Comemorativa dos 15º aniversário", "is_correct": false}}, {"model": "quiz.choice", "pk": 201, "fields": {"question": 64, "text": "Medalha comemorativa", "is_correct": true}}, {"model": "quiz.choice", "pk": 202, "fields": {"question": 64, "text": "Cinzeiro", "is_correct": false}}, {"model": "quiz.choice", "pk": 203, "fields": {"question": 64, "text": "Pregadeira", "is_correct": false}}, {"model": "quiz.choice", "pk": 204, "fields": {"question": 64, "text": "Pisa papéis", "is_correct": false}}, {"model": "quiz.choice", "pk": 205, "fields": {"question": 65, "text": "Comemorativa dos 25º aniversário", "is_correct": true}}, {"model": "quiz.choice", "pk": 206, "fields": {"question": 65, "text": "Comemorativa dos 20º aniversário", "is_correct": false}}, {"model": "quiz.choice", "pk": 207, "fields": {"question": 65, "text": "Comemorativa dos 35º aniversário", "is_correct": false}}, {"model": "quiz.choice", "pk": 208, "fields": {"question": 66, "text": "Refere-se aos 25º. aniversário", "is_correct": true}}, {"model": "quiz.choice", "pk": 209, "fields": {"question": 66, "text": "Refere-se aos 50º. aniversário", "is_correct": false}}, {"model": "quiz.choice", "pk": 210, "fields": {"question": 66, "text": "Refere-se aos 20º. aniversário", "is_correct": false}}, {"model": "quiz.choice", "pk": 211, "fields": {"question": 67, "text": "1972", "is_correct": false}}, {"model": "quiz.choice", "pk": 212, "fields": {"question": 67, "text": "2007", "is_correct": true}}, {"model": "quiz.choice", "pk": 213, "fields": {"question": 67, "text": "2002", "is_correct": false}}, {"model": "quiz.choice", "pk": 214, "fields": {"question": 68, "text": "2018", "is_correct": true}}, {"model": "quiz.choice", "pk": 215, "fields": {"question": 68, "text": "1988", "is_correct": false}}, {"model": "quiz.choice", "pk": 216, "fields": {"question": 68, "text": "2008", "is_correct": false}}, {"model": "quiz.choice", "pk": 217, "fields": {"question": 69, "text": "1972", "is_correct": false}}, {"model": "quiz.choice", "pk": 218, "fields": {"question": 69, "text": "2012", "is_correct": false}}, {"model": "quiz.choice", "pk": 219, "fields": {"question": 69, "text": "2017", "is_correct": true}}, {"model": "quiz.choice", "pk": 220, "fields": {"question": 70, "text": "1982", "is_correct": false}}, {"model": "quiz.choice", "pk": 221, "fields": {"question": 70, "text": "1972", "is_correct": false}}, {"model": "quiz.choice", "pk": 222, "fields": {"question": 70, "text": "2012", "is_correct": true}}, {"model": "quiz.choice", "pk": 223, "fields": {"question": 71, "text": "Direção-Geral do Ensino Superior (DGES)", "is_correct": true}}, {"model": "quiz.choice", "pk": 224, "fields": {"question": 71, "text": "Direção-Geral das Universidades Públicas (DGUP)", "is_correct": false}}, {"model": "quiz.choice", "pk": 225, "fields": {"question": 71, "text": "Ministério dos Assuntos Sociais", "is_correct": false}}, {"model": "quiz.choice", "pk": 226, "fields": {"question": 71, "text": "Serviço Nacional de Saúde (SNS)", "is_correct": false}}, {"model": "quiz.choice", "pk": 227, "fields": {"question": 72, "text": "525", "is_correct": false}}, {"model": "quiz.choice", "pk": 228, "fields": {"question": 72, "text": "497", "is_correct": true}}, {"model": "quiz.choice", "pk": 229, "fields": {"question": 72, "text": "325", "is_correct": false}}, {"model": "quiz.choice", "pk": 230, "fields": {"question": 73, "text": "9", "is_correct": true}}, {"model": "quiz.choice", "pk": 231, "fields": {"question": 73, "text": "7", "is_correct": false}}, {"model": "quiz.choice", "pk": 232, "fields": {"question": 74, "text": "6", "is_correct": false}}, {"model": "quiz.choice", "pk": 233, "fields": {"question": 74, "text": "7", "is_correct": true}}, {"model": "quiz.choice", "pk": 234, "fields": {"question": 75, "text": "Árvore da Vida", "is_correct": true}}, {"model": "quiz.choice", "pk": 235, "fields": {"question": 75, "text": "Magnólia", "is_correct": false}}, {"model": "quiz.choice", "pk": 236, "fields": {"question": 75, "text": "Oliveira", "is_correct": false}}, {"model": "quiz.choice", "pk": 237, "fields": {"question": 75, "text": "Cipreste", "is_correct": false}}, {"model": "quiz.choice", "pk": 238, "fields": {"question": 76, "text": "Edifício I", "is_correct": false}}, {"model": "quiz.choice", "pk": 239, "fields": {"question": 76, "text": "Edifício II", "is_correct": true}}, {"model": "quiz.choice", "pk": 240, "fields": {"question": 76, "text": "Edifício INDEG", "is_correct": false}}, {"model": "quiz.choice", "pk": 241, "fields": {"question": 76, "text": "Ala Autónoma", "is_correct": false}}, {"model": "quiz.choice", "pk": 242, "fields": {"question": 77, "text": "130.000 exemplares", "is_correct": true}}, {"model": "quiz.choice", "pk": 243, "fields": {"question": 77, "text": "40.000 e-books", "is_correct": false}}, {"model": "quiz.choice", "pk": 244, "fields": {"question": 77, "text": "91 000 períodicos", "is_correct": false}}, {"model": "quiz.choice", "pk": 245, "fields": {"question": 78, "text": "Grupo de Teatro", "is_correct": true}}, {"model": "quiz.choice", "pk": 246, "fields": {"question": 78, "text": "Grupo coral", "is_correct": false}}, {"model": "quiz.choice", "pk": 247, "fields": {"question": 79, "text": "Sim", "is_correct": false}}, {"model": "quiz.choice", "pk": 248, "fields": {"question": 79, "text": "Não", "is_correct": true}}, {"model": "quiz.choice", "pk": 249, "fields": {"question": 80, "text": "2018", "is_correct": false}}, {"model": "quiz.choice", "pk": 250, "fields": {"question": 80, "text": "2005", "is_correct": true}}, {"model": "quiz.choice", "pk": 251, "fields": {"question": 80, "text": "1998", "is_correct": false}}, {"model": "quiz.choice", "pk": 252, "fields": {"question": 80, "text": "1999", "is_correct": false}}, {"model": "quiz.choice", "pk": 253, "fields": {"question": 81, "text": "Álvaro Siza Vieira", "is_correct": false}}, {"model": "quiz.choice", "pk": 254, "fields": {"question": 81, "text": "Raúl Hestnes Ferreira", "is_correct": true}}, {"model": "quiz.choice", "pk": 255, "fields": {"question": 81, "text": "Eduardo Soto Mora", "is_correct": false}}, {"model": "quiz.choice", "pk": 256, "fields": {"question": 81, "text": "Inês Lobo", "is_correct": false}}, {"model": "quiz.choice", "pk": 257, "fields": {"question": 81, "text": "Bernardo Pizarro Miranda", "is_correct": false}}, {"model": "quiz.choice", "pk": 258, "fields": {"question": 82, "text": "2016", "is_correct": false}}, {"model": "quiz.choice", "pk": 259, "fields": {"question": 82, "text": "1996", "is_correct": false}}, {"model": "quiz.choice", "pk": 260, "fields": {"question": 82, "text": "2006", "is_correct": true}}, {"model": "quiz.choice", "pk": 261, "fields": {"question": 83, "text": "2008", "is_correct": true}}, {"model": "quiz.choice", "pk": 262, "fields": {"question": 83, "text": "2000", "is_correct": false}}, {"model": "quiz.choice", "pk": 263, "fields": {"question": 83, "text": "2015", "is_correct": false}}, {"model": "quiz.choice", "pk": 264, "fields": {"question": 84, "text": "2009", "is_correct": false}}, {"model": "quiz.choice", "pk": 265, "fields": {"question": 84, "text": "2008", "is_correct": true}}, {"model": "quiz.choice", "pk": 266, "fields": {"question": 84, "text": "2010", "is_correct": false}}, {"model": "quiz.choice", "pk": 267, "fields": {"question": 85, "text": "Cooperativa universitária", "is_correct": false}}, {"model": "quiz.choice", "pk": 268, "fields": {"question": 85, "text": "Fundação", "is_correct": true}}, {"model": "quiz.choice", "pk": 269, "fields": {"question": 85, "text": "Universidade Pública", "is_correct": false}}, {"model": "quiz.choice", "pk": 270, "fields": {"question": 86, "text": "16", "is_correct": true}}, {"model": "quiz.choice", "pk": 271, "fields": {"question": 86, "text": "5", "is_correct": false}}, {"model": "quiz.choice", "pk": 272, "fields": {"question": 86, "text": "8", "is_correct": false}}, {"model": "quiz.choice", "pk": 273, "fields": {"question": 87, "text": "4", "is_correct": false}}, {"model": "quiz.choice", "pk": 274, "fields": {"question": 87, "text": "5", "is_correct": true}}, {"model": "quiz.choice", "pk": 275, "fields": {"question": 88, "text": "8", "is_correct": false}}, {"model": "quiz.choice", "pk": 276, "fields": {"question": 88, "text": "16", "is_correct": false}}, {"model": "quiz.choice", "pk": 277, "fields": {"question": 89, "text": "2018", "is_correct": false}}, {"model": "quiz.choice", "pk": 278, "fields": {"question": 89, "text": "2008", "is_correct": true}}, {"model": "quiz.choice", "pk": 279, "fields": {"question": 90, "text": "2004", "is_correct": false}}, {"model": "quiz.choice", "pk": 280, "fields": {"question": 90, "text": "2014", "is_correct": true}}, {"model": "quiz.choice", "pk": 281, "fields": {"question": 91, "text": "2020", "is_correct": false}}, {"model": "quiz.choice", "pk": 282, "fields": {"question": 91, "text": "2016", "is_correct": false}}, {"model": "quiz.choice", "pk": 283, "fields": {"question": 91, "text": "2015", "is_correct": false}}, {"model": "quiz.choice", "pk": 284, "fields": {"question": 91, "text": "2019", "is_correct": false}}, {"model": "quiz.choice", "pk": 285, "fields": {"question": 92, "text": "2017", "is_correct": true}}, {"model": "quiz.choice", "pk": 286, "fields": {"question": 92, "text": "2014", "is_correct": false}}, {"model": "quiz.choice", "pk": 287, "fields": {"question": 92, "text": "2010", "is_correct": false}}, {"model": "quiz.choice", "pk": 288, "fields": {"question": 93, "text": "2018", "is_correct": true}}, {"model": "quiz.choice", "pk": 289, "fields": {"question": 93, "text": "2022", "is_correct": false}}, {"model": "quiz.choice", "pk": 290, "fields": {"question": 94, "text": "Instituto Camões", "is_correct": false}}, {"model": "quiz.choice", "pk": 291, "fields": {"question": 94, "text": "Iscte-IUL", "is_correct": true}}, {"model": "quiz.choice", "pk": 292, "fields": {"question": 94, "text": "Academia de Ciências", "is_correct": false}}, {"model": "quiz.choice", "pk": 293, "fields": {"question": 95, "text": "1993", "is_correct": false}}, {"model": "quiz.choice", "pk": 294, "fields": {"question": 95, "text": "1998", "is_correct": false}}, {"model": "quiz.choice", "pk": 295, "fields": {"question": 95, "text": "1983", "is_correct": false}}, {"model": "quiz.choice", "pk": 296, "fields": {"question": 66, "text": "Refere-se aos 40º. aniversário", "is_correct": false}}, {"model": "quiz.choice", "pk": 297, "fields": {"question": 65, "text": "Comemorativa dos 45º aniversário", "is_correct": false}}, {"model": "quiz.choice", "pk": 298, "fields": {"question": 62, "text": "Comemorativa dos 20º aniversário", "is_correct": false}}, {"model": "quiz.choice", "pk": 299, "fields": {"question": 57, "text": "Comemorativa dos 50º aniversário", "is_correct": false}}, {"model": "quiz.choice", "pk": 300, "fields": {"question": 96, "text": "7", "is_correct": true}}, {"model": "quiz.choice", "pk": 301, "fields": {"question": 96, "text": "9", "is_correct": false}}, {"model": "quiz.choice", "pk": 302, "fields": {"question": 97, "text": "O auditório Paquete de Oliveira localiza-se: Canto ONE", "is_correct": true}}, {"model": "quiz.choice", "pk": 303, "fields": {"question": 97, "text": "O auditório Paquete de Oliveira localiza-se: Canto OWS", "is_correct": false}}, {"model": "quiz.choice", "pk": 304, "fields": {"question": 97, "text": "O auditório Paquete de Oliveira localiza-se: ONE03", "is_correct": false}}, {"model": "quiz.choice", "pk": 305, "fields": {"question": 98, "text": "O auditório Mário Murteira localiza-se: ONE03", "is_correct": true}}, {"model": "quiz.choice", "pk": 306, "fields": {"question": 98, "text": "O auditório Mário Murteira localiza-se: pátio 1", "is_correct": false}}, {"model": "quiz.choice", "pk": 307, "fields": {"question": 98, "text": "O auditório Mário Murteira localiza-se: OS01", "is_correct": false}}, {"model": "quiz.choice", "pk": 308, "fields": {"question": 98, "text": "O auditório Mário Murteira localiza-se: 2E10", "is_correct": false}}, {"model": "quiz.choice", "pk": 309, "fields": {"question": 99, "text": "O auditório Caiano Pereira localiza-se: 2E08", "is_correct": false}}, {"model": "quiz.choice", "pk": 310, "fields": {"question": 99, "text": "O auditório Caiano Pereira localiza-se: Canto ONE01", "is_correct": false}}, {"model": "quiz.choice", "pk": 311, "fields": {"question": 99, "text": "O auditório Caiano Pereira localiza-se: 1E4", "is_correct": false}}, {"model": "quiz.choice", "pk": 312, "fields": {"question": 99, "text": "O auditório Caiano Pereira localiza-se: ONE02", "is_correct": true}}, {"model": "quiz.choice", "pk": 313, "fields": {"question": 100, "text": "O auditório J.J. Laginha localiza-se: Canto 1SE", "is_correct": false}}, {"model": "quiz.choice", "pk": 314, "fields": {"question": 100, "text": "O auditório J.J. Laginha localiza-se: Canto 2NW", "is_correct": false}}, {"model": "quiz.choice", "pk": 315, "fields": {"question": 100, "text": "O auditório J.J. Laginha localiza-se: Canto 2E8", "is_correct": false}}, {"model": "quiz.choice", "pk": 316, "fields": {"question": 100, "text": "O auditório J.J. Laginha localiza-se: Canto 1NE", "is_correct": true}}, {"model": "quiz.choice", "pk": 317, "fields": {"question": 101, "text": "O auditório Silva Leal localiza-se: AA, piso 1", "is_correct": true}}, {"model": "quiz.choice", "pk": 318, "fields": {"question": 101, "text": "O auditório Silva Leal localiza-se: AA 2.25", "is_correct": false}}, {"model": "quiz.choice", "pk": 319, "fields": {"question": 101, "text": "O auditório Silva Leal localiza-se: AA 2.36", "is_correct": false}}, {"model": "quiz.choice", "pk": 320, "fields": {"question": 102, "text": "O auditório Afonso de Barros localiza-se: AA, piso 1", "is_correct": true}}, {"model": "quiz.choice", "pk": 321, "fields": {"question": 102, "text": "O auditório Afonso de Barros localiza-se: AA, 4.00", "is_correct": false}}, {"model": "quiz.choice", "pk": 322, "fields": {"question": 102, "text": "O auditório Afonso de Barros localiza-se: AA, 407", "is_correct": false}}, {"model": "quiz.choice", "pk": 323, "fields": {"question": 103, "text": "O anfiteatro Gomes Cardoso localiza-se:  edifício INDEG", "is_correct": true}}, {"model": "quiz.choice", "pk": 324, "fields": {"question": 103, "text": "O anfiteatro Gomes Cardoso localiza-se: B1.04", "is_correct": false}}, {"model": "quiz.choice", "pk": 325, "fields": {"question": 103, "text": "O anfiteatro Gomes Cardoso localiza-se: D2.25", "is_correct": false}}, {"model": "quiz.choice", "pk": 326, "fields": {"question": 104, "text": "Auditório B2.03", "is_correct": true}}, {"model": "quiz.choice", "pk": 327, "fields": {"question": 104, "text": "Auditório ONE01", "is_correct": false}}, {"model": "quiz.choice", "pk": 328, "fields": {"question": 104, "text": "C1.04", "is_correct": false}}, {"model": "quiz.choice", "pk": 329, "fields": {"question": 105, "text": "Auditório B1.03", "is_correct": false}}, {"model": "quiz.choice", "pk": 330, "fields": {"question": 105, "text": "AA1.26", "is_correct": false}}, {"model": "quiz.choice", "pk": 331, "fields": {"question": 105, "text": "Auditório B2.04", "is_correct": true}}, {"model": "quiz.choice", "pk": 332, "fields": {"question": 105, "text": "AA3.30", "is_correct": false}}, {"model": "quiz.choice", "pk": 333, "fields": {"question": 106, "text": "2W15", "is_correct": false}}, {"model": "quiz.choice", "pk": 334, "fields": {"question": 106, "text": "2S1", "is_correct": true}}, {"model": "quiz.choice", "pk": 335, "fields": {"question": 106, "text": "2E8", "is_correct": false}}, {"model": "quiz.choice", "pk": 336, "fields": {"question": 106, "text": "AA126", "is_correct": false}}, {"model": "quiz.choice", "pk": 337, "fields": {"question": 107, "text": "D2.25", "is_correct": false}}, {"model": "quiz.choice", "pk": 338, "fields": {"question": 107, "text": "2W17", "is_correct": true}}, {"model": "quiz.choice", "pk": 339, "fields": {"question": 107, "text": "1W17", "is_correct": false}}, {"model": "quiz.choice", "pk": 340, "fields": {"question": 107, "text": "1O05", "is_correct": false}}, {"model": "quiz.choice", "pk": 341, "fields": {"question": 108, "text": "2W6", "is_correct": true}}, {"model": "quiz.choice", "pk": 342, "fields": {"question": 108, "text": "2W01", "is_correct": false}}, {"model": "quiz.choice", "pk": 343, "fields": {"question": 108, "text": "1W7", "is_correct": false}}, {"model": "quiz.choice", "pk": 344, "fields": {"question": 108, "text": "1W10", "is_correct": false}}, {"model": "quiz.choice", "pk": 345, "fields": {"question": 109, "text": "AA2.36", "is_correct": false}}, {"model": "quiz.choice", "pk": 346, "fields": {"question": 109, "text": "D0.09", "is_correct": false}}, {"model": "quiz.choice", "pk": 347, "fields": {"question": 109, "text": "2W08", "is_correct": true}}, {"model": "quiz.choice", "pk": 348, "fields": {"question": 110, "text": "2W4", "is_correct": true}}, {"model": "quiz.choice", "pk": 349, "fields": {"question": 110, "text": "1W4", "is_correct": false}}, {"model": "quiz.choice", "pk": 350, "fields": {"question": 110, "text": "1W9", "is_correct": false}}, {"model": "quiz.choice", "pk": 351, "fields": {"question": 110, "text": "1W12", "is_correct": false}}, {"model": "quiz.choice", "pk": 352, "fields": {"question": 111, "text": "D0.10", "is_correct": true}}, {"model": "quiz.choice", "pk": 353, "fields": {"question": 111, "text": "2W02", "is_correct": false}}, {"model": "quiz.choice", "pk": 354, "fields": {"question": 111, "text": "D0.06", "is_correct": false}}, {"model": "quiz.choice", "pk": 355, "fields": {"question": 112, "text": "1W15", "is_correct": false}}, {"model": "quiz.choice", "pk": 356, "fields": {"question": 112, "text": "1N15", "is_correct": false}}, {"model": "quiz.choice", "pk": 357, "fields": {"question": 112, "text": "2W02", "is_correct": true}}, {"model": "quiz.choice", "pk": 358, "fields": {"question": 112, "text": "1W8", "is_correct": false}}, {"model": "quiz.choice", "pk": 359, "fields": {"question": 113, "text": "1N15", "is_correct": false}}, {"model": "quiz.choice", "pk": 360, "fields": {"question": 113, "text": "D0.06", "is_correct": true}}, {"model": "quiz.choice", "pk": 369, "fields": {"question": 113, "text": "2W01", "is_correct": false}}, {"model": "quiz.choice", "pk": 370, "fields": {"question": 114, "text": "AA124", "is_correct": true}}, {"model": "quiz.choice", "pk": 371, "fields": {"question": 114, "text": "2W6", "is_correct": false}}, {"model": "quiz.choice", "pk": 372, "fields": {"question": 114, "text": "1N15", "is_correct": false}}, {"model": "quiz.choice", "pk": 373, "fields": {"question": 115, "text": "AA126", "is_correct": true}}, {"model": "quiz.choice", "pk": 374, "fields": {"question": 115, "text": "2W04", "is_correct": false}}, {"model": "quiz.choice", "pk": 375, "fields": {"question": 115, "text": "D0.02", "is_correct": false}}, {"model": "quiz.choice", "pk": 376, "fields": {"question": 116, "text": "2W10", "is_correct": false}}, {"model": "quiz.choice", "pk": 377, "fields": {"question": 116, "text": "AA124", "is_correct": false}}, {"model": "quiz.choice", "pk": 378, "fields": {"question": 116, "text": "DO.09", "is_correct": true}}, {"model": "quiz.choice", "pk": 379, "fields": {"question": 117, "text": "D0.04", "is_correct": true}}, {"model": "quiz.choice", "pk": 380, "fields": {"question": 117, "text": "D0.21", "is_correct": false}}, {"model": "quiz.choice", "pk": 381, "fields": {"question": 117, "text": "2W01", "is_correct": false}}, {"model": "quiz.choice", "pk": 382, "fields": {"question": 118, "text": "1N15", "is_correct": false}}, {"model": "quiz.choice", "pk": 383, "fields": {"question": 118, "text": "2W01", "is_correct": true}}, {"model": "quiz.choice", "pk": 384, "fields": {"question": 118, "text": "1W15", "is_correct": false}}, {"model": "quiz.choice", "pk": 385, "fields": {"question": 119, "text": "2W01", "is_correct": true}}, {"model": "quiz.choice", "pk": 386, "fields": {"question": 119, "text": "D0.04", "is_correct": false}}, {"model": "quiz.choice", "pk": 387, "fields": {"question": 119, "text": "1W8", "is_correct": false}}, {"model": "quiz.choice", "pk": 388, "fields": {"question": 120, "text": "2W4", "is_correct": true}}, {"model": "quiz.choice", "pk": 389, "fields": {"question": 120, "text": "AA124", "is_correct": false}}, {"model": "quiz.choice", "pk": 390, "fields": {"question": 120, "text": "1W8", "is_correct": false}}, {"model": "quiz.choice", "pk": 391, "fields": {"question": 121, "text": "2W4", "is_correct": true}}, {"model": "quiz.choice", "pk": 392, "fields": {"question": 121, "text": "D0.02", "is_correct": false}}, {"model": "quiz.choice", "pk": 393, "fields": {"question": 121, "text": "1N15", "is_correct": false}}, {"model": "quiz.choice", "pk": 394, "fields": {"question": 122, "text": "D2.25", "is_correct": false}}, {"model": "quiz.choice", "pk": 395, "fields": {"question": 122, "text": "2W4", "is_correct": true}}, {"model": "quiz.choice", "pk": 396, "fields": {"question": 122, "text": "D3.25", "is_correct": false}}, {"model": "quiz.choice", "pk": 397, "fields": {"question": 123, "text": "2W01", "is_correct": true}}, {"model": "quiz.choice", "pk": 398, "fields": {"question": 123, "text": "AA126", "is_correct": false}}, {"model": "quiz.choice", "pk": 399, "fields": {"question": 123, "text": "1N15", "is_correct": false}}, {"model": "quiz.choice", "pk": 400, "fields": {"question": 124, "text": "D0.21", "is_correct": false}}, {"model": "quiz.choice", "pk": 401, "fields": {"question": 124, "text": "2W4", "is_correct": true}}, {"model": "quiz.choice", "pk": 402, "fields": {"question": 124, "text": "AA124", "is_correct": false}}, {"model": "quiz.choice", "pk": 403, "fields": {"question": 125, "text": "D0.21", "is_correct": true}}, {"model": "quiz.choice", "pk": 404, "fields": {"question": 125, "text": "1N15", "is_correct": false}}, {"model": "quiz.choice", "pk": 405, "fields": {"question": 125, "text": "2W10", "is_correct": false}}, {"model": "quiz.choice", "pk": 406, "fields": {"question": 126, "text": "D0.02", "is_correct": true}}, {"model": "quiz.choice", "pk": 407, "fields": {"question": 126, "text": "C7.04", "is_correct": false}}, {"model": "quiz.choice", "pk": 408, "fields": {"question": 126, "text": "C6.04", "is_correct": false}}, {"model": "quiz.choice", "pk": 409, "fields": {"question": 127, "text": "1N15", "is_correct": true}}, {"model": "quiz.choice", "pk": 410, "fields": {"question": 127, "text": "2N9", "is_correct": false}}, {"model": "quiz.choice", "pk": 411, "fields": {"question": 127, "text": "2E4", "is_correct": false}}, {"model": "quiz.choice", "pk": 412, "fields": {"question": 128, "text": "1N12", "is_correct": false}}, {"model": "quiz.choice", "pk": 413, "fields": {"question": 128, "text": "0N12", "is_correct": true}}, {"model": "quiz.choice", "pk": 414, "fields": {"question": 128, "text": "2N12", "is_correct": false}}, {"model": "quiz.choice", "pk": 415, "fields": {"question": 129, "text": "OE03", "is_correct": true}}, {"model": "quiz.choice", "pk": 416, "fields": {"question": 129, "text": "1N15", "is_correct": false}}, {"model": "quiz.choice", "pk": 417, "fields": {"question": 129, "text": "C703", "is_correct": false}}, {"model": "quiz.choice", "pk": 418, "fields": {"question": 130, "text": "85", "is_correct": false}}, {"model": "quiz.choice", "pk": 419, "fields": {"question": 130, "text": "22", "is_correct": false}}, {"model": "quiz.choice", "pk": 420, "fields": {"question": 130, "text": "10", "is_correct": true}}, {"model": "quiz.choice", "pk": 421, "fields": {"question": 130, "text": "58", "is_correct": false}}, {"model": "quiz.choice", "pk": 422, "fields": {"question": 131, "text": "2001", "is_correct": true}}, {"model": "quiz.choice", "pk": 423, "fields": {"question": 131, "text": "2019", "is_correct": false}}, {"model": "quiz.choice", "pk": 424, "fields": {"question": 131, "text": "1986", "is_correct": false}}, {"model": "quiz.choice", "pk": 425, "fields": {"question": 132, "text": "20M euros", "is_correct": false}}, {"model": "quiz.choice", "pk": 426, "fields": {"question": 132, "text": "50M euros", "is_correct": true}}, {"model": "quiz.choice", "pk": 427, "fields": {"question": 132, "text": "8M euros", "is_correct": false}}, {"model": "quiz.choice", "pk": 428, "fields": {"question": 133, "text": "Instituto Superior Metropolitano", "is_correct": false}}, {"model": "quiz.choice", "pk": 429, "fields": {"question": 133, "text": "Universidade Metropolitana", "is_correct": true}}, {"model": "quiz.choice", "pk": 430, "fields": {"question": 134, "text": "2003", "is_correct": true}}, {"model": "quiz.choice", "pk": 431, "fields": {"question": 134, "text": "1998", "is_correct": false}}, {"model": "quiz.choice", "pk": 432, "fields": {"question": 134, "text": "2008", "is_correct": false}}, {"model": "quiz.choice", "pk": 433, "fields": {"question": 135, "text": "Instituto Superior Técnico", "is_correct": true}}, {"model": "quiz.choice", "pk": 434, "fields": {"question": 135, "text": "INESC", "is_correct": false}}, {"model": "quiz.choice", "pk": 435, "fields": {"question": 135, "text": "Universidade do Minho", "is_correct": false}}, {"model": "quiz.choice", "pk": 436, "fields": {"question": 135, "text": "Instituto Politécnico de Leiria", "is_correct": false}}, {"model": "quiz.choice", "pk": 437, "fields": {"question": 136, "text": "Provedora do Estudante", "is_correct": true}}, {"model": "quiz.choice", "pk": 438, "fields": {"question": 136, "text": "Provedora do Aluno", "is_correct": false}}, {"model": "quiz.choice", "pk": 439, "fields": {"question": 136, "text": "Presidente da Comissão de Trabalhadores", "is_correct": false}}, {"model": "quiz.choice", "pk": 440, "fields": {"question": 136, "text": "Presidente do Núcleo da condição feminina", "is_correct": false}}, {"model": "quiz.choice", "pk": 441, "fields": {"question": 137, "text": "2", "is_correct": true}}, {"model": "quiz.choice", "pk": 442, "fields": {"question": 137, "text": "3", "is_correct": false}}, {"model": "quiz.choice", "pk": 443, "fields": {"question": 138, "text": "3", "is_correct": true}}, {"model": "quiz.choice", "pk": 444, "fields": {"question": 138, "text": "5", "is_correct": false}}, {"model": "quiz.choice", "pk": 445, "fields": {"question": 139, "text": "Centro de Valorização e Transferência de Tecnologia (CVTT)", "is_correct": true}}, {"model": "quiz.choice", "pk": 446, "fields": {"question": 139, "text": "Escola Tecnologias Digitais Economia e Sociedade", "is_correct": false}}, {"model": "quiz.choice", "pk": 447, "fields": {"question": 139, "text": "Iscte Business School", "is_correct": false}}, {"model": "topics.topic", "pk": 1, "fields": {"title": "História do Iscte", "link": ""}}, {"model": "topics.topic", "pk": 2, "fields": {"title": "Comunidade", "link": ""}}, {"model": "topics.topic", "pk": 3, "fields": {"title": "Campus", "link": ""}}, {"model": "topics.topic", "pk": 4, "fields": {"title": "Desmaterialização", "link": ""}}, {"model": "topics.topic", "pk": 5, "fields": {"title": "Infraestruturação", "link": ""}}, {"model": "topics.topic", "pk": 6, "fields": {"title": "Ensino", "link": ""}}, {"model": "topics.topic", "pk": 7, "fields": {"title": "Prestação de Serviços", "link": ""}}, {"model": "topics.topic", "pk": 8, "fields": {"title": "Desmaterialização", "link": ""}}, {"model": "topics.topic", "pk": 9, "fields": {"title": "Redes", "link": ""}}, {"model": "topics.topic", "pk": 10, "fields": {"title": "Investigação", "link": ""}}, {"model": "topics.topic", "pk": 11, "fields": {"title": "Estatuto", "link": ""}}, {"model": "topics.topic", "pk": 12, "fields": {"title": "Memória", "link": ""}}, {"model": "topics.topic", "pk": 13, "fields": {"title": "Identidade", "link": ""}}, {"model": "topics.topic", "pk": 14, "fields": {"title": "Pessoas", "link": ""}}, {"model": "topics.topic", "pk": 15, "fields": {"title": "1972-1981", "link": ""}}, {"model": "topics.topic", "pk": 16, "fields": {"title": "1982-1991", "link": ""}}, {"model": "topics.topic", "pk": 17, "fields": {"title": "1992-2001", "link": ""}}, {"model": "topics.topic", "pk": 18, "fields": {"title": "2002-2011", "link": ""}}, {"model": "topics.topic", "pk": 19, "fields": {"title": "2012-2022", "link": ""}}, {"model": "topics.topic", "pk": 20, "fields": {"title": "Georeferenciação", "link": ""}}]